{"cameraMode":{"drawMode":0,"name":"Shaded","section":"Shading Mode"},"sceneLighting":true,"audioPlay":false,"sceneViewState":{"showFog":true,"showMaterialUpdate":false,"showSkybox":true,"showFlares":true,"showImageEffects":true,"showParticleSystems":true},"in2DMode":false,"pivot":{"x":0.02628469467163086,"y":0.5673822164535523,"z":-0.4161866307258606},"rotation":{"x":-0.03936193138360977,"y":0.9548776149749756,"z":-0.1475498229265213,"w":-0.25473305583000185},"size":0.31682634353637698,"orthographic":false}